﻿<?xml version="1.0" encoding="utf-8"?>
<ServiceManifest xmlns:xsd="http://www.w3.org/2001/XMLSchema" xmlns:xsi="http://www.w3.org/2001/XMLSchema-instance" Name="ContosoEvents.TicketOrderActorPkg" Version="1.0.0" xmlns="http://schemas.microsoft.com/2011/01/fabric" ___CorrelationId___="8e7e9a3c-5143-44f6-92a8-6361b7f7a998">
  <ServiceTypes>
    <StatefulServiceType ServiceTypeName="TicketOrderActorServiceType" HasPersistedState="true">
      <Extensions>
        <Extension Name="__GeneratedServiceType__" GeneratedId="c47ef007-91cf-402e-9c96-cbae5927967e|Persisted">
          <GeneratedNames xmlns="http://schemas.microsoft.com/2015/03/fabact-no-schema">
            <DefaultService Name="TicketOrderActorService" />
            <ServiceEndpoint Name="TicketOrderActorServiceEndpoint" />
            <ReplicatorEndpoint Name="TicketOrderActorServiceReplicatorEndpoint" />
            <ReplicatorConfigSection Name="TicketOrderActorServiceReplicatorConfig" />
            <ReplicatorSecurityConfigSection Name="TicketOrderActorServiceReplicatorSecurityConfig" />
            <StoreConfigSection Name="TicketOrderActorServiceLocalStoreConfig" />
          </GeneratedNames>
        </Extension>
      </Extensions>
    </StatefulServiceType>
  </ServiceTypes>
  <CodePackage Name="Code" Version="1.0.0">
    <EntryPoint>
      <ExeHost>
        <Program>ContosoEvents.TicketOrderActor.exe</Program>
      </ExeHost>
    </EntryPoint>
  </CodePackage>
  <ConfigPackage Name="Config" Version="1.0.0" />
  <Resources>
    <Endpoints>
      <Endpoint Name="TicketOrderActorServiceEndpoint" />
      <Endpoint Name="TicketOrderActorServiceReplicatorEndpoint" />
    </Endpoints>
  </Resources>
  <!-- The content will be generated during build -->
</ServiceManifest>